test1@itesm.mx,Name1,Surname1
test2@itesm.mx,Name2,Surname2
test3@itesm.mx,Name3,Surname3
test4@itesm.mx,Name4,Surname4
test5@itesm.mx,Name5,Surname5
test6@itesm.mx,Name6,Surname6
test7@itesm.mx,Name7,Surname7
test8@itesm.mx,Name8,Surname8
test9@itesm.mx,Name9,Surname9
test10@itesm.mx,Name10,Surname10
test11@itesm.mx,Name11,Surname11
test12@itesm.mx,Name12,Surname12
test13@itesm.mx,Name13,Surname13
test14@itesm.mx,Name14,Surname14
test15@itesm.mx,Name15,Surname15
test16@itesm.mx,Name16,Surname16
test17@itesm.mx,Name17,Surname17
test18@itesm.mx,Name18,Surname18
test19@itesm.mx,Name19,Surname19
test20@itesm.mx,Name20,Surname20
test21@itesm.mx,Name21,Surname21
test22@itesm.mx,Name22,Surname22
test23@itesm.mx,Name23,Surname23
test24@itesm.mx,Name24,Surname24
test25@itesm.mx,Name25,Surname25
test26@itesm.mx,Name26,Surname26
test27@itesm.mx,Name27,Surname27
test28@itesm.mx,Name28,Surname28
test29@itesm.mx,Name29,Surname29
test30@itesm.mx,Name30,Surname30
test31@itesm.mx,Name31,Surname31
test32@itesm.mx,Name32,Surname32
test33@itesm.mx,Name33,Surname33
test34@itesm.mx,Name34,Surname34
test35@itesm.mx,Name35,Surname35
test36@itesm.mx,Name36,Surname36
test37@itesm.mx,Name37,Surname37
test38@itesm.mx,Name38,Surname38
test39@itesm.mx,Name39,Surname39
test40@itesm.mx,Name40,Surname40
test41@itesm.mx,Name41,Surname41
test42@itesm.mx,Name42,Surname42
test43@itesm.mx,Name43,Surname43
test44@itesm.mx,Name44,Surname44
test45@itesm.mx,Name45,Surname45
test46@itesm.mx,Name46,Surname46
test47@itesm.mx,Name47,Surname47
test48@itesm.mx,Name48,Surname48
test49@itesm.mx,Name49,Surname49
test50@itesm.mx,Name50,Surname50
test51@itesm.mx,Name51,Surname51
test52@itesm.mx,Name52,Surname52
test53@itesm.mx,Name53,Surname53
test54@itesm.mx,Name54,Surname54
test55@itesm.mx,Name55,Surname55
test56@itesm.mx,Name56,Surname56
test57@itesm.mx,Name57,Surname57
test58@itesm.mx,Name58,Surname58
test59@itesm.mx,Name59,Surname59
test60@itesm.mx,Name60,Surname60
test61@itesm.mx,Name61,Surname61
test62@itesm.mx,Name62,Surname62
test63@itesm.mx,Name63,Surname63
test64@itesm.mx,Name64,Surname64
test65@itesm.mx,Name65,Surname65
test66@itesm.mx,Name66,Surname66
test67@itesm.mx,Name67,Surname67
test68@itesm.mx,Name68,Surname68
test69@itesm.mx,Name69,Surname69
test70@itesm.mx,Name70,Surname70
test71@itesm.mx,Name71,Surname71
test72@itesm.mx,Name72,Surname72
test73@itesm.mx,Name73,Surname73
test74@itesm.mx,Name74,Surname74
test75@itesm.mx,Name75,Surname75
test76@itesm.mx,Name76,Surname76
test77@itesm.mx,Name77,Surname77
test78@itesm.mx,Name78,Surname78
test79@itesm.mx,Name79,Surname79
test80@itesm.mx,Name80,Surname80
test81@itesm.mx,Name81,Surname81
test82@itesm.mx,Name82,Surname82
test83@itesm.mx,Name83,Surname83
test84@itesm.mx,Name84,Surname84
test85@itesm.mx,Name85,Surname85
test86@itesm.mx,Name86,Surname86
test87@itesm.mx,Name87,Surname87
test88@itesm.mx,Name88,Surname88
test89@itesm.mx,Name89,Surname89
test90@itesm.mx,Name90,Surname90
test91@itesm.mx,Name91,Surname91
test92@itesm.mx,Name92,Surname92
test93@itesm.mx,Name93,Surname93
test94@itesm.mx,Name94,Surname94
test95@itesm.mx,Name95,Surname95
test96@itesm.mx,Name96,Surname96
test97@itesm.mx,Name97,Surname97
test98@itesm.mx,Name98,Surname98
test99@itesm.mx,Name99,Surname99
test100@itesm.mx,Name100,Surname100
test101@itesm.mx,Name101,Surname101
test102@itesm.mx,Name102,Surname102
test103@itesm.mx,Name103,Surname103
test104@itesm.mx,Name104,Surname104
test105@itesm.mx,Name105,Surname105
test106@itesm.mx,Name106,Surname106
test107@itesm.mx,Name107,Surname107
test108@itesm.mx,Name108,Surname108
test109@itesm.mx,Name109,Surname109
test110@itesm.mx,Name110,Surname110
test111@itesm.mx,Name111,Surname111
test112@itesm.mx,Name112,Surname112
test113@itesm.mx,Name113,Surname113
test114@itesm.mx,Name114,Surname114
test115@itesm.mx,Name115,Surname115
test116@itesm.mx,Name116,Surname116
test117@itesm.mx,Name117,Surname117
test118@itesm.mx,Name118,Surname118
test119@itesm.mx,Name119,Surname119
test120@itesm.mx,Name120,Surname120
test121@itesm.mx,Name121,Surname121
test122@itesm.mx,Name122,Surname122
test123@itesm.mx,Name123,Surname123
test124@itesm.mx,Name124,Surname124
test125@itesm.mx,Name125,Surname125
test126@itesm.mx,Name126,Surname126
test127@itesm.mx,Name127,Surname127
test128@itesm.mx,Name128,Surname128
test129@itesm.mx,Name129,Surname129
test130@itesm.mx,Name130,Surname130
test131@itesm.mx,Name131,Surname131
test132@itesm.mx,Name132,Surname132
test133@itesm.mx,Name133,Surname133
test134@itesm.mx,Name134,Surname134
test135@itesm.mx,Name135,Surname135
test136@itesm.mx,Name136,Surname136
test137@itesm.mx,Name137,Surname137
test138@itesm.mx,Name138,Surname138
test139@itesm.mx,Name139,Surname139
test140@itesm.mx,Name140,Surname140
test141@itesm.mx,Name141,Surname141
test142@itesm.mx,Name142,Surname142
test143@itesm.mx,Name143,Surname143
test144@itesm.mx,Name144,Surname144
test145@itesm.mx,Name145,Surname145
test146@itesm.mx,Name146,Surname146
test147@itesm.mx,Name147,Surname147
test148@itesm.mx,Name148,Surname148
test149@itesm.mx,Name149,Surname149
test150@itesm.mx,Name150,Surname150
test151@itesm.mx,Name151,Surname151
test152@itesm.mx,Name152,Surname152
test153@itesm.mx,Name153,Surname153
test154@itesm.mx,Name154,Surname154
test155@itesm.mx,Name155,Surname155
test156@itesm.mx,Name156,Surname156
test157@itesm.mx,Name157,Surname157
test158@itesm.mx,Name158,Surname158
test159@itesm.mx,Name159,Surname159
test160@itesm.mx,Name160,Surname160
test161@itesm.mx,Name161,Surname161
test162@itesm.mx,Name162,Surname162
test163@itesm.mx,Name163,Surname163
test164@itesm.mx,Name164,Surname164
test165@itesm.mx,Name165,Surname165
test166@itesm.mx,Name166,Surname166
test167@itesm.mx,Name167,Surname167
test168@itesm.mx,Name168,Surname168
test169@itesm.mx,Name169,Surname169
test170@itesm.mx,Name170,Surname170
test171@itesm.mx,Name171,Surname171
test172@itesm.mx,Name172,Surname172
test173@itesm.mx,Name173,Surname173
test174@itesm.mx,Name174,Surname174
test175@itesm.mx,Name175,Surname175
test176@itesm.mx,Name176,Surname176
test177@itesm.mx,Name177,Surname177
test178@itesm.mx,Name178,Surname178
test179@itesm.mx,Name179,Surname179
test180@itesm.mx,Name180,Surname180
test181@itesm.mx,Name181,Surname181
test182@itesm.mx,Name182,Surname182
test183@itesm.mx,Name183,Surname183
test184@itesm.mx,Name184,Surname184
test185@itesm.mx,Name185,Surname185
test186@itesm.mx,Name186,Surname186
test187@itesm.mx,Name187,Surname187
test188@itesm.mx,Name188,Surname188
test189@itesm.mx,Name189,Surname189
test190@itesm.mx,Name190,Surname190
test191@itesm.mx,Name191,Surname191
test192@itesm.mx,Name192,Surname192
test193@itesm.mx,Name193,Surname193
test194@itesm.mx,Name194,Surname194
test195@itesm.mx,Name195,Surname195
test196@itesm.mx,Name196,Surname196
test197@itesm.mx,Name197,Surname197
test198@itesm.mx,Name198,Surname198
test199@itesm.mx,Name199,Surname199
test200@itesm.mx,Name200,Surname200
test201@itesm.mx,Name201,Surname201
test202@itesm.mx,Name202,Surname202
test203@itesm.mx,Name203,Surname203
test204@itesm.mx,Name204,Surname204
test205@itesm.mx,Name205,Surname205
test206@itesm.mx,Name206,Surname206
test207@itesm.mx,Name207,Surname207
test208@itesm.mx,Name208,Surname208
test209@itesm.mx,Name209,Surname209
test210@itesm.mx,Name210,Surname210
test211@itesm.mx,Name211,Surname211
test212@itesm.mx,Name212,Surname212
test213@itesm.mx,Name213,Surname213
test214@itesm.mx,Name214,Surname214
test215@itesm.mx,Name215,Surname215
test216@itesm.mx,Name216,Surname216
test217@itesm.mx,Name217,Surname217
test218@itesm.mx,Name218,Surname218
test219@itesm.mx,Name219,Surname219
test220@itesm.mx,Name220,Surname220
test221@itesm.mx,Name221,Surname221
test222@itesm.mx,Name222,Surname222
test223@itesm.mx,Name223,Surname223
test224@itesm.mx,Name224,Surname224
test225@itesm.mx,Name225,Surname225
test226@itesm.mx,Name226,Surname226
test227@itesm.mx,Name227,Surname227
test228@itesm.mx,Name228,Surname228
test229@itesm.mx,Name229,Surname229
test230@itesm.mx,Name230,Surname230
test231@itesm.mx,Name231,Surname231
test232@itesm.mx,Name232,Surname232
test233@itesm.mx,Name233,Surname233
test234@itesm.mx,Name234,Surname234
test235@itesm.mx,Name235,Surname235
test236@itesm.mx,Name236,Surname236
test237@itesm.mx,Name237,Surname237
test238@itesm.mx,Name238,Surname238
test239@itesm.mx,Name239,Surname239
test240@itesm.mx,Name240,Surname240
test241@itesm.mx,Name241,Surname241
test242@itesm.mx,Name242,Surname242
test243@itesm.mx,Name243,Surname243
test244@itesm.mx,Name244,Surname244
test245@itesm.mx,Name245,Surname245
test246@itesm.mx,Name246,Surname246
test247@itesm.mx,Name247,Surname247
test248@itesm.mx,Name248,Surname248
test249@itesm.mx,Name249,Surname249
test250@itesm.mx,Name250,Surname250
test251@itesm.mx,Name251,Surname251
test252@itesm.mx,Name252,Surname252
test253@itesm.mx,Name253,Surname253
test254@itesm.mx,Name254,Surname254
test255@itesm.mx,Name255,Surname255
test256@itesm.mx,Name256,Surname256
test257@itesm.mx,Name257,Surname257
test258@itesm.mx,Name258,Surname258
test259@itesm.mx,Name259,Surname259
test260@itesm.mx,Name260,Surname260
test261@itesm.mx,Name261,Surname261
test262@itesm.mx,Name262,Surname262
test263@itesm.mx,Name263,Surname263
test264@itesm.mx,Name264,Surname264
test265@itesm.mx,Name265,Surname265
test266@itesm.mx,Name266,Surname266
test267@itesm.mx,Name267,Surname267
test268@itesm.mx,Name268,Surname268
test269@itesm.mx,Name269,Surname269
test270@itesm.mx,Name270,Surname270
test271@itesm.mx,Name271,Surname271
test272@itesm.mx,Name272,Surname272
test273@itesm.mx,Name273,Surname273
test274@itesm.mx,Name274,Surname274
test275@itesm.mx,Name275,Surname275
test276@itesm.mx,Name276,Surname276
test277@itesm.mx,Name277,Surname277
test278@itesm.mx,Name278,Surname278
test279@itesm.mx,Name279,Surname279
test280@itesm.mx,Name280,Surname280
test281@itesm.mx,Name281,Surname281
test282@itesm.mx,Name282,Surname282
test283@itesm.mx,Name283,Surname283
test284@itesm.mx,Name284,Surname284
test285@itesm.mx,Name285,Surname285
test286@itesm.mx,Name286,Surname286
test287@itesm.mx,Name287,Surname287
test288@itesm.mx,Name288,Surname288
test289@itesm.mx,Name289,Surname289
test290@itesm.mx,Name290,Surname290
test291@itesm.mx,Name291,Surname291
test292@itesm.mx,Name292,Surname292
test293@itesm.mx,Name293,Surname293
test294@itesm.mx,Name294,Surname294
test295@itesm.mx,Name295,Surname295
test296@itesm.mx,Name296,Surname296
test297@itesm.mx,Name297,Surname297
test298@itesm.mx,Name298,Surname298
test299@itesm.mx,Name299,Surname299
test300@itesm.mx,Name300,Surname300
test301@itesm.mx,Name301,Surname301
test302@itesm.mx,Name302,Surname302
test303@itesm.mx,Name303,Surname303
test304@itesm.mx,Name304,Surname304
test305@itesm.mx,Name305,Surname305
test306@itesm.mx,Name306,Surname306
test307@itesm.mx,Name307,Surname307
test308@itesm.mx,Name308,Surname308
test309@itesm.mx,Name309,Surname309
test310@itesm.mx,Name310,Surname310
test311@itesm.mx,Name311,Surname311
test312@itesm.mx,Name312,Surname312
test313@itesm.mx,Name313,Surname313
test314@itesm.mx,Name314,Surname314
test315@itesm.mx,Name315,Surname315
test316@itesm.mx,Name316,Surname316
test317@itesm.mx,Name317,Surname317
test318@itesm.mx,Name318,Surname318
test319@itesm.mx,Name319,Surname319
test320@itesm.mx,Name320,Surname320
test321@itesm.mx,Name321,Surname321
test322@itesm.mx,Name322,Surname322
test323@itesm.mx,Name323,Surname323
test324@itesm.mx,Name324,Surname324
test325@itesm.mx,Name325,Surname325
test326@itesm.mx,Name326,Surname326
test327@itesm.mx,Name327,Surname327
test328@itesm.mx,Name328,Surname328
test329@itesm.mx,Name329,Surname329
test330@itesm.mx,Name330,Surname330
test331@itesm.mx,Name331,Surname331
test332@itesm.mx,Name332,Surname332
test333@itesm.mx,Name333,Surname333
test334@itesm.mx,Name334,Surname334
test335@itesm.mx,Name335,Surname335
test336@itesm.mx,Name336,Surname336
test337@itesm.mx,Name337,Surname337
test338@itesm.mx,Name338,Surname338
test339@itesm.mx,Name339,Surname339
test340@itesm.mx,Name340,Surname340
test341@itesm.mx,Name341,Surname341
test342@itesm.mx,Name342,Surname342
test343@itesm.mx,Name343,Surname343
test344@itesm.mx,Name344,Surname344
test345@itesm.mx,Name345,Surname345
test346@itesm.mx,Name346,Surname346
test347@itesm.mx,Name347,Surname347
test348@itesm.mx,Name348,Surname348
test349@itesm.mx,Name349,Surname349
test350@itesm.mx,Name350,Surname350
test351@itesm.mx,Name351,Surname351
test352@itesm.mx,Name352,Surname352
test353@itesm.mx,Name353,Surname353
test354@itesm.mx,Name354,Surname354
test355@itesm.mx,Name355,Surname355
test356@itesm.mx,Name356,Surname356
test357@itesm.mx,Name357,Surname357
test358@itesm.mx,Name358,Surname358
test359@itesm.mx,Name359,Surname359
test360@itesm.mx,Name360,Surname360
test361@itesm.mx,Name361,Surname361
test362@itesm.mx,Name362,Surname362
test363@itesm.mx,Name363,Surname363
test364@itesm.mx,Name364,Surname364
test365@itesm.mx,Name365,Surname365
test366@itesm.mx,Name366,Surname366
test367@itesm.mx,Name367,Surname367
test368@itesm.mx,Name368,Surname368
test369@itesm.mx,Name369,Surname369
test370@itesm.mx,Name370,Surname370
test371@itesm.mx,Name371,Surname371
test372@itesm.mx,Name372,Surname372
test373@itesm.mx,Name373,Surname373
test374@itesm.mx,Name374,Surname374
test375@itesm.mx,Name375,Surname375
test376@itesm.mx,Name376,Surname376
test377@itesm.mx,Name377,Surname377
test378@itesm.mx,Name378,Surname378
test379@itesm.mx,Name379,Surname379
test380@itesm.mx,Name380,Surname380
test381@itesm.mx,Name381,Surname381
test382@itesm.mx,Name382,Surname382
test383@itesm.mx,Name383,Surname383
test384@itesm.mx,Name384,Surname384
test385@itesm.mx,Name385,Surname385
test386@itesm.mx,Name386,Surname386
test387@itesm.mx,Name387,Surname387
test388@itesm.mx,Name388,Surname388
test389@itesm.mx,Name389,Surname389
test390@itesm.mx,Name390,Surname390
test391@itesm.mx,Name391,Surname391
test392@itesm.mx,Name392,Surname392
test393@itesm.mx,Name393,Surname393
test394@itesm.mx,Name394,Surname394
test395@itesm.mx,Name395,Surname395
test396@itesm.mx,Name396,Surname396
test397@itesm.mx,Name397,Surname397
test398@itesm.mx,Name398,Surname398
test399@itesm.mx,Name399,Surname399
test400@itesm.mx,Name400,Surname400
test401@itesm.mx,Name401,Surname401
test402@itesm.mx,Name402,Surname402
test403@itesm.mx,Name403,Surname403
test404@itesm.mx,Name404,Surname404
test405@itesm.mx,Name405,Surname405
test406@itesm.mx,Name406,Surname406
test407@itesm.mx,Name407,Surname407
test408@itesm.mx,Name408,Surname408
test409@itesm.mx,Name409,Surname409
test410@itesm.mx,Name410,Surname410
test411@itesm.mx,Name411,Surname411
test412@itesm.mx,Name412,Surname412
test413@itesm.mx,Name413,Surname413
test414@itesm.mx,Name414,Surname414
test415@itesm.mx,Name415,Surname415
test416@itesm.mx,Name416,Surname416
test417@itesm.mx,Name417,Surname417
test418@itesm.mx,Name418,Surname418
test419@itesm.mx,Name419,Surname419
test420@itesm.mx,Name420,Surname420
test421@itesm.mx,Name421,Surname421
test422@itesm.mx,Name422,Surname422
test423@itesm.mx,Name423,Surname423
test424@itesm.mx,Name424,Surname424
test425@itesm.mx,Name425,Surname425
test426@itesm.mx,Name426,Surname426
test427@itesm.mx,Name427,Surname427
test428@itesm.mx,Name428,Surname428
test429@itesm.mx,Name429,Surname429
test430@itesm.mx,Name430,Surname430
test431@itesm.mx,Name431,Surname431
test432@itesm.mx,Name432,Surname432
test433@itesm.mx,Name433,Surname433
test434@itesm.mx,Name434,Surname434
test435@itesm.mx,Name435,Surname435
test436@itesm.mx,Name436,Surname436
test437@itesm.mx,Name437,Surname437
test438@itesm.mx,Name438,Surname438
test439@itesm.mx,Name439,Surname439
test440@itesm.mx,Name440,Surname440
test441@itesm.mx,Name441,Surname441
test442@itesm.mx,Name442,Surname442
test443@itesm.mx,Name443,Surname443
test444@itesm.mx,Name444,Surname444
test445@itesm.mx,Name445,Surname445
test446@itesm.mx,Name446,Surname446
test447@itesm.mx,Name447,Surname447
test448@itesm.mx,Name448,Surname448
test449@itesm.mx,Name449,Surname449
test450@itesm.mx,Name450,Surname450
test451@itesm.mx,Name451,Surname451
test452@itesm.mx,Name452,Surname452
test453@itesm.mx,Name453,Surname453
test454@itesm.mx,Name454,Surname454
test455@itesm.mx,Name455,Surname455
test456@itesm.mx,Name456,Surname456
test457@itesm.mx,Name457,Surname457
test458@itesm.mx,Name458,Surname458
test459@itesm.mx,Name459,Surname459
test460@itesm.mx,Name460,Surname460
test461@itesm.mx,Name461,Surname461
test462@itesm.mx,Name462,Surname462
test463@itesm.mx,Name463,Surname463
test464@itesm.mx,Name464,Surname464
test465@itesm.mx,Name465,Surname465
test466@itesm.mx,Name466,Surname466
test467@itesm.mx,Name467,Surname467
test468@itesm.mx,Name468,Surname468
test469@itesm.mx,Name469,Surname469
test470@itesm.mx,Name470,Surname470
test471@itesm.mx,Name471,Surname471
test472@itesm.mx,Name472,Surname472
test473@itesm.mx,Name473,Surname473
test474@itesm.mx,Name474,Surname474
test475@itesm.mx,Name475,Surname475
test476@itesm.mx,Name476,Surname476
test477@itesm.mx,Name477,Surname477
test478@itesm.mx,Name478,Surname478
test479@itesm.mx,Name479,Surname479
test480@itesm.mx,Name480,Surname480
test481@itesm.mx,Name481,Surname481
test482@itesm.mx,Name482,Surname482
test483@itesm.mx,Name483,Surname483
test484@itesm.mx,Name484,Surname484
test485@itesm.mx,Name485,Surname485
test486@itesm.mx,Name486,Surname486
test487@itesm.mx,Name487,Surname487
test488@itesm.mx,Name488,Surname488
test489@itesm.mx,Name489,Surname489
test490@itesm.mx,Name490,Surname490
test491@itesm.mx,Name491,Surname491
test492@itesm.mx,Name492,Surname492
test493@itesm.mx,Name493,Surname493
test494@itesm.mx,Name494,Surname494
test495@itesm.mx,Name495,Surname495
test496@itesm.mx,Name496,Surname496
test497@itesm.mx,Name497,Surname497
test498@itesm.mx,Name498,Surname498
test499@itesm.mx,Name499,Surname499
test500@itesm.mx,Name500,Surname500
test501@itesm.mx,Name501,Surname501
test502@itesm.mx,Name502,Surname502
test503@itesm.mx,Name503,Surname503
test504@itesm.mx,Name504,Surname504
test505@itesm.mx,Name505,Surname505
test506@itesm.mx,Name506,Surname506
test507@itesm.mx,Name507,Surname507
test508@itesm.mx,Name508,Surname508
test509@itesm.mx,Name509,Surname509
test510@itesm.mx,Name510,Surname510
test511@itesm.mx,Name511,Surname511
test512@itesm.mx,Name512,Surname512
test513@itesm.mx,Name513,Surname513
test514@itesm.mx,Name514,Surname514
test515@itesm.mx,Name515,Surname515
test516@itesm.mx,Name516,Surname516
test517@itesm.mx,Name517,Surname517
test518@itesm.mx,Name518,Surname518
test519@itesm.mx,Name519,Surname519
test520@itesm.mx,Name520,Surname520
test521@itesm.mx,Name521,Surname521
test522@itesm.mx,Name522,Surname522
test523@itesm.mx,Name523,Surname523
test524@itesm.mx,Name524,Surname524
test525@itesm.mx,Name525,Surname525
test526@itesm.mx,Name526,Surname526
test527@itesm.mx,Name527,Surname527
test528@itesm.mx,Name528,Surname528
test529@itesm.mx,Name529,Surname529
test530@itesm.mx,Name530,Surname530
test531@itesm.mx,Name531,Surname531
test532@itesm.mx,Name532,Surname532
test533@itesm.mx,Name533,Surname533
test534@itesm.mx,Name534,Surname534
test535@itesm.mx,Name535,Surname535
test536@itesm.mx,Name536,Surname536
test537@itesm.mx,Name537,Surname537
test538@itesm.mx,Name538,Surname538
test539@itesm.mx,Name539,Surname539
test540@itesm.mx,Name540,Surname540
test541@itesm.mx,Name541,Surname541
test542@itesm.mx,Name542,Surname542
test543@itesm.mx,Name543,Surname543
test544@itesm.mx,Name544,Surname544
test545@itesm.mx,Name545,Surname545
test546@itesm.mx,Name546,Surname546
test547@itesm.mx,Name547,Surname547
test548@itesm.mx,Name548,Surname548
test549@itesm.mx,Name549,Surname549
test550@itesm.mx,Name550,Surname550
test551@itesm.mx,Name551,Surname551
test552@itesm.mx,Name552,Surname552
test553@itesm.mx,Name553,Surname553
test554@itesm.mx,Name554,Surname554
test555@itesm.mx,Name555,Surname555
test556@itesm.mx,Name556,Surname556
test557@itesm.mx,Name557,Surname557
test558@itesm.mx,Name558,Surname558
test559@itesm.mx,Name559,Surname559
test560@itesm.mx,Name560,Surname560
test561@itesm.mx,Name561,Surname561
test562@itesm.mx,Name562,Surname562
test563@itesm.mx,Name563,Surname563
test564@itesm.mx,Name564,Surname564
test565@itesm.mx,Name565,Surname565
test566@itesm.mx,Name566,Surname566
test567@itesm.mx,Name567,Surname567
test568@itesm.mx,Name568,Surname568
test569@itesm.mx,Name569,Surname569
test570@itesm.mx,Name570,Surname570
test571@itesm.mx,Name571,Surname571
test572@itesm.mx,Name572,Surname572
test573@itesm.mx,Name573,Surname573
test574@itesm.mx,Name574,Surname574
test575@itesm.mx,Name575,Surname575
test576@itesm.mx,Name576,Surname576
test577@itesm.mx,Name577,Surname577
test578@itesm.mx,Name578,Surname578
test579@itesm.mx,Name579,Surname579
test580@itesm.mx,Name580,Surname580
test581@itesm.mx,Name581,Surname581
test582@itesm.mx,Name582,Surname582
test583@itesm.mx,Name583,Surname583
test584@itesm.mx,Name584,Surname584
test585@itesm.mx,Name585,Surname585
test586@itesm.mx,Name586,Surname586
test587@itesm.mx,Name587,Surname587
test588@itesm.mx,Name588,Surname588
test589@itesm.mx,Name589,Surname589
test590@itesm.mx,Name590,Surname590
test591@itesm.mx,Name591,Surname591
test592@itesm.mx,Name592,Surname592
test593@itesm.mx,Name593,Surname593
test594@itesm.mx,Name594,Surname594
test595@itesm.mx,Name595,Surname595
test596@itesm.mx,Name596,Surname596
test597@itesm.mx,Name597,Surname597
test598@itesm.mx,Name598,Surname598
test599@itesm.mx,Name599,Surname599
test600@itesm.mx,Name600,Surname600
test601@itesm.mx,Name601,Surname601
test602@itesm.mx,Name602,Surname602
test603@itesm.mx,Name603,Surname603
test604@itesm.mx,Name604,Surname604
test605@itesm.mx,Name605,Surname605
test606@itesm.mx,Name606,Surname606
test607@itesm.mx,Name607,Surname607
test608@itesm.mx,Name608,Surname608
test609@itesm.mx,Name609,Surname609
test610@itesm.mx,Name610,Surname610
test611@itesm.mx,Name611,Surname611
test612@itesm.mx,Name612,Surname612
test613@itesm.mx,Name613,Surname613
test614@itesm.mx,Name614,Surname614
test615@itesm.mx,Name615,Surname615
test616@itesm.mx,Name616,Surname616
test617@itesm.mx,Name617,Surname617
test618@itesm.mx,Name618,Surname618
test619@itesm.mx,Name619,Surname619
test620@itesm.mx,Name620,Surname620
test621@itesm.mx,Name621,Surname621
test622@itesm.mx,Name622,Surname622
test623@itesm.mx,Name623,Surname623
test624@itesm.mx,Name624,Surname624
test625@itesm.mx,Name625,Surname625
test626@itesm.mx,Name626,Surname626
test627@itesm.mx,Name627,Surname627
test628@itesm.mx,Name628,Surname628
test629@itesm.mx,Name629,Surname629
test630@itesm.mx,Name630,Surname630
test631@itesm.mx,Name631,Surname631
test632@itesm.mx,Name632,Surname632
test633@itesm.mx,Name633,Surname633
test634@itesm.mx,Name634,Surname634
test635@itesm.mx,Name635,Surname635
test636@itesm.mx,Name636,Surname636
test637@itesm.mx,Name637,Surname637
test638@itesm.mx,Name638,Surname638
test639@itesm.mx,Name639,Surname639
test640@itesm.mx,Name640,Surname640
test641@itesm.mx,Name641,Surname641
test642@itesm.mx,Name642,Surname642
test643@itesm.mx,Name643,Surname643
test644@itesm.mx,Name644,Surname644
test645@itesm.mx,Name645,Surname645
test646@itesm.mx,Name646,Surname646
test647@itesm.mx,Name647,Surname647
test648@itesm.mx,Name648,Surname648
test649@itesm.mx,Name649,Surname649
test650@itesm.mx,Name650,Surname650
test651@itesm.mx,Name651,Surname651
test652@itesm.mx,Name652,Surname652
test653@itesm.mx,Name653,Surname653
test654@itesm.mx,Name654,Surname654
test655@itesm.mx,Name655,Surname655
test656@itesm.mx,Name656,Surname656
test657@itesm.mx,Name657,Surname657
test658@itesm.mx,Name658,Surname658
test659@itesm.mx,Name659,Surname659
test660@itesm.mx,Name660,Surname660
test661@itesm.mx,Name661,Surname661
test662@itesm.mx,Name662,Surname662
test663@itesm.mx,Name663,Surname663
test664@itesm.mx,Name664,Surname664
test665@itesm.mx,Name665,Surname665
test666@itesm.mx,Name666,Surname666
test667@itesm.mx,Name667,Surname667
test668@itesm.mx,Name668,Surname668
test669@itesm.mx,Name669,Surname669
test670@itesm.mx,Name670,Surname670
test671@itesm.mx,Name671,Surname671
test672@itesm.mx,Name672,Surname672
test673@itesm.mx,Name673,Surname673
test674@itesm.mx,Name674,Surname674
test675@itesm.mx,Name675,Surname675
test676@itesm.mx,Name676,Surname676
test677@itesm.mx,Name677,Surname677
test678@itesm.mx,Name678,Surname678
test679@itesm.mx,Name679,Surname679
test680@itesm.mx,Name680,Surname680
test681@itesm.mx,Name681,Surname681
test682@itesm.mx,Name682,Surname682
test683@itesm.mx,Name683,Surname683
test684@itesm.mx,Name684,Surname684
test685@itesm.mx,Name685,Surname685
test686@itesm.mx,Name686,Surname686
test687@itesm.mx,Name687,Surname687
test688@itesm.mx,Name688,Surname688
test689@itesm.mx,Name689,Surname689
test690@itesm.mx,Name690,Surname690
test691@itesm.mx,Name691,Surname691
test692@itesm.mx,Name692,Surname692
test693@itesm.mx,Name693,Surname693
test694@itesm.mx,Name694,Surname694
test695@itesm.mx,Name695,Surname695
test696@itesm.mx,Name696,Surname696
test697@itesm.mx,Name697,Surname697
test698@itesm.mx,Name698,Surname698
test699@itesm.mx,Name699,Surname699
test700@itesm.mx,Name700,Surname700
test701@itesm.mx,Name701,Surname701
test702@itesm.mx,Name702,Surname702
test703@itesm.mx,Name703,Surname703
test704@itesm.mx,Name704,Surname704
test705@itesm.mx,Name705,Surname705
test706@itesm.mx,Name706,Surname706
test707@itesm.mx,Name707,Surname707
test708@itesm.mx,Name708,Surname708
test709@itesm.mx,Name709,Surname709
test710@itesm.mx,Name710,Surname710
test711@itesm.mx,Name711,Surname711
test712@itesm.mx,Name712,Surname712
test713@itesm.mx,Name713,Surname713
test714@itesm.mx,Name714,Surname714
test715@itesm.mx,Name715,Surname715
test716@itesm.mx,Name716,Surname716
test717@itesm.mx,Name717,Surname717
test718@itesm.mx,Name718,Surname718
test719@itesm.mx,Name719,Surname719
test720@itesm.mx,Name720,Surname720
test721@itesm.mx,Name721,Surname721
test722@itesm.mx,Name722,Surname722
test723@itesm.mx,Name723,Surname723
test724@itesm.mx,Name724,Surname724
test725@itesm.mx,Name725,Surname725
test726@itesm.mx,Name726,Surname726
test727@itesm.mx,Name727,Surname727
test728@itesm.mx,Name728,Surname728
test729@itesm.mx,Name729,Surname729
test730@itesm.mx,Name730,Surname730
test731@itesm.mx,Name731,Surname731
test732@itesm.mx,Name732,Surname732
test733@itesm.mx,Name733,Surname733
test734@itesm.mx,Name734,Surname734
test735@itesm.mx,Name735,Surname735
test736@itesm.mx,Name736,Surname736
test737@itesm.mx,Name737,Surname737
test738@itesm.mx,Name738,Surname738
test739@itesm.mx,Name739,Surname739
test740@itesm.mx,Name740,Surname740
test741@itesm.mx,Name741,Surname741
test742@itesm.mx,Name742,Surname742
test743@itesm.mx,Name743,Surname743
test744@itesm.mx,Name744,Surname744
test745@itesm.mx,Name745,Surname745
test746@itesm.mx,Name746,Surname746
test747@itesm.mx,Name747,Surname747
test748@itesm.mx,Name748,Surname748
test749@itesm.mx,Name749,Surname749
test750@itesm.mx,Name750,Surname750
test751@itesm.mx,Name751,Surname751
test752@itesm.mx,Name752,Surname752
test753@itesm.mx,Name753,Surname753
test754@itesm.mx,Name754,Surname754
test755@itesm.mx,Name755,Surname755
test756@itesm.mx,Name756,Surname756
test757@itesm.mx,Name757,Surname757
test758@itesm.mx,Name758,Surname758
test759@itesm.mx,Name759,Surname759
test760@itesm.mx,Name760,Surname760
test761@itesm.mx,Name761,Surname761
test762@itesm.mx,Name762,Surname762
test763@itesm.mx,Name763,Surname763
test764@itesm.mx,Name764,Surname764
test765@itesm.mx,Name765,Surname765
test766@itesm.mx,Name766,Surname766
test767@itesm.mx,Name767,Surname767
test768@itesm.mx,Name768,Surname768
test769@itesm.mx,Name769,Surname769
test770@itesm.mx,Name770,Surname770
test771@itesm.mx,Name771,Surname771
test772@itesm.mx,Name772,Surname772
test773@itesm.mx,Name773,Surname773
test774@itesm.mx,Name774,Surname774
test775@itesm.mx,Name775,Surname775
test776@itesm.mx,Name776,Surname776
test777@itesm.mx,Name777,Surname777
test778@itesm.mx,Name778,Surname778
test779@itesm.mx,Name779,Surname779
test780@itesm.mx,Name780,Surname780
test781@itesm.mx,Name781,Surname781
test782@itesm.mx,Name782,Surname782
test783@itesm.mx,Name783,Surname783
test784@itesm.mx,Name784,Surname784
test785@itesm.mx,Name785,Surname785
test786@itesm.mx,Name786,Surname786
test787@itesm.mx,Name787,Surname787
test788@itesm.mx,Name788,Surname788
test789@itesm.mx,Name789,Surname789
test790@itesm.mx,Name790,Surname790
test791@itesm.mx,Name791,Surname791
test792@itesm.mx,Name792,Surname792
test793@itesm.mx,Name793,Surname793
test794@itesm.mx,Name794,Surname794
test795@itesm.mx,Name795,Surname795
test796@itesm.mx,Name796,Surname796
test797@itesm.mx,Name797,Surname797
test798@itesm.mx,Name798,Surname798
test799@itesm.mx,Name799,Surname799
test800@itesm.mx,Name800,Surname800
test801@itesm.mx,Name801,Surname801
test802@itesm.mx,Name802,Surname802
test803@itesm.mx,Name803,Surname803
test804@itesm.mx,Name804,Surname804
test805@itesm.mx,Name805,Surname805
test806@itesm.mx,Name806,Surname806
test807@itesm.mx,Name807,Surname807
test808@itesm.mx,Name808,Surname808
test809@itesm.mx,Name809,Surname809
test810@itesm.mx,Name810,Surname810
test811@itesm.mx,Name811,Surname811
test812@itesm.mx,Name812,Surname812
test813@itesm.mx,Name813,Surname813
test814@itesm.mx,Name814,Surname814
test815@itesm.mx,Name815,Surname815
test816@itesm.mx,Name816,Surname816
test817@itesm.mx,Name817,Surname817
test818@itesm.mx,Name818,Surname818
test819@itesm.mx,Name819,Surname819
test820@itesm.mx,Name820,Surname820
test821@itesm.mx,Name821,Surname821
test822@itesm.mx,Name822,Surname822
test823@itesm.mx,Name823,Surname823
test824@itesm.mx,Name824,Surname824
test825@itesm.mx,Name825,Surname825
test826@itesm.mx,Name826,Surname826
test827@itesm.mx,Name827,Surname827
test828@itesm.mx,Name828,Surname828
test829@itesm.mx,Name829,Surname829
test830@itesm.mx,Name830,Surname830
test831@itesm.mx,Name831,Surname831
test832@itesm.mx,Name832,Surname832
test833@itesm.mx,Name833,Surname833
test834@itesm.mx,Name834,Surname834
test835@itesm.mx,Name835,Surname835
test836@itesm.mx,Name836,Surname836
test837@itesm.mx,Name837,Surname837
test838@itesm.mx,Name838,Surname838
test839@itesm.mx,Name839,Surname839
test840@itesm.mx,Name840,Surname840
test841@itesm.mx,Name841,Surname841
test842@itesm.mx,Name842,Surname842
test843@itesm.mx,Name843,Surname843
test844@itesm.mx,Name844,Surname844
test845@itesm.mx,Name845,Surname845
test846@itesm.mx,Name846,Surname846
test847@itesm.mx,Name847,Surname847
test848@itesm.mx,Name848,Surname848
test849@itesm.mx,Name849,Surname849
test850@itesm.mx,Name850,Surname850
test851@itesm.mx,Name851,Surname851
test852@itesm.mx,Name852,Surname852
test853@itesm.mx,Name853,Surname853
test854@itesm.mx,Name854,Surname854
test855@itesm.mx,Name855,Surname855
test856@itesm.mx,Name856,Surname856
test857@itesm.mx,Name857,Surname857
test858@itesm.mx,Name858,Surname858
test859@itesm.mx,Name859,Surname859
test860@itesm.mx,Name860,Surname860
test861@itesm.mx,Name861,Surname861
test862@itesm.mx,Name862,Surname862
test863@itesm.mx,Name863,Surname863
test864@itesm.mx,Name864,Surname864
test865@itesm.mx,Name865,Surname865
test866@itesm.mx,Name866,Surname866
test867@itesm.mx,Name867,Surname867
test868@itesm.mx,Name868,Surname868
test869@itesm.mx,Name869,Surname869
test870@itesm.mx,Name870,Surname870
test871@itesm.mx,Name871,Surname871
test872@itesm.mx,Name872,Surname872
test873@itesm.mx,Name873,Surname873
test874@itesm.mx,Name874,Surname874
test875@itesm.mx,Name875,Surname875
test876@itesm.mx,Name876,Surname876
test877@itesm.mx,Name877,Surname877
test878@itesm.mx,Name878,Surname878
test879@itesm.mx,Name879,Surname879
test880@itesm.mx,Name880,Surname880
test881@itesm.mx,Name881,Surname881
test882@itesm.mx,Name882,Surname882
test883@itesm.mx,Name883,Surname883
test884@itesm.mx,Name884,Surname884
test885@itesm.mx,Name885,Surname885
test886@itesm.mx,Name886,Surname886
test887@itesm.mx,Name887,Surname887
test888@itesm.mx,Name888,Surname888
test889@itesm.mx,Name889,Surname889
test890@itesm.mx,Name890,Surname890
test891@itesm.mx,Name891,Surname891
test892@itesm.mx,Name892,Surname892
test893@itesm.mx,Name893,Surname893
test894@itesm.mx,Name894,Surname894
test895@itesm.mx,Name895,Surname895
test896@itesm.mx,Name896,Surname896
test897@itesm.mx,Name897,Surname897
test898@itesm.mx,Name898,Surname898
test899@itesm.mx,Name899,Surname899
test900@itesm.mx,Name900,Surname900
test901@itesm.mx,Name901,Surname901
test902@itesm.mx,Name902,Surname902
test903@itesm.mx,Name903,Surname903
test904@itesm.mx,Name904,Surname904
test905@itesm.mx,Name905,Surname905
test906@itesm.mx,Name906,Surname906
test907@itesm.mx,Name907,Surname907
test908@itesm.mx,Name908,Surname908
test909@itesm.mx,Name909,Surname909
test910@itesm.mx,Name910,Surname910
test911@itesm.mx,Name911,Surname911
test912@itesm.mx,Name912,Surname912
test913@itesm.mx,Name913,Surname913
test914@itesm.mx,Name914,Surname914
test915@itesm.mx,Name915,Surname915
test916@itesm.mx,Name916,Surname916
test917@itesm.mx,Name917,Surname917
test918@itesm.mx,Name918,Surname918
test919@itesm.mx,Name919,Surname919
test920@itesm.mx,Name920,Surname920
test921@itesm.mx,Name921,Surname921
test922@itesm.mx,Name922,Surname922
test923@itesm.mx,Name923,Surname923
test924@itesm.mx,Name924,Surname924
test925@itesm.mx,Name925,Surname925
test926@itesm.mx,Name926,Surname926
test927@itesm.mx,Name927,Surname927
test928@itesm.mx,Name928,Surname928
test929@itesm.mx,Name929,Surname929
test930@itesm.mx,Name930,Surname930
test931@itesm.mx,Name931,Surname931
test932@itesm.mx,Name932,Surname932
test933@itesm.mx,Name933,Surname933
test934@itesm.mx,Name934,Surname934
test935@itesm.mx,Name935,Surname935
test936@itesm.mx,Name936,Surname936
test937@itesm.mx,Name937,Surname937
test938@itesm.mx,Name938,Surname938
test939@itesm.mx,Name939,Surname939
test940@itesm.mx,Name940,Surname940
test941@itesm.mx,Name941,Surname941
test942@itesm.mx,Name942,Surname942
test943@itesm.mx,Name943,Surname943
test944@itesm.mx,Name944,Surname944
test945@itesm.mx,Name945,Surname945
test946@itesm.mx,Name946,Surname946
test947@itesm.mx,Name947,Surname947
test948@itesm.mx,Name948,Surname948
test949@itesm.mx,Name949,Surname949
test950@itesm.mx,Name950,Surname950
test951@itesm.mx,Name951,Surname951
test952@itesm.mx,Name952,Surname952
test953@itesm.mx,Name953,Surname953
test954@itesm.mx,Name954,Surname954
test955@itesm.mx,Name955,Surname955
test956@itesm.mx,Name956,Surname956
test957@itesm.mx,Name957,Surname957
test958@itesm.mx,Name958,Surname958
test959@itesm.mx,Name959,Surname959
test960@itesm.mx,Name960,Surname960
test961@itesm.mx,Name961,Surname961
test962@itesm.mx,Name962,Surname962
test963@itesm.mx,Name963,Surname963
test964@itesm.mx,Name964,Surname964
test965@itesm.mx,Name965,Surname965
test966@itesm.mx,Name966,Surname966
test967@itesm.mx,Name967,Surname967
test968@itesm.mx,Name968,Surname968
test969@itesm.mx,Name969,Surname969
test970@itesm.mx,Name970,Surname970
test971@itesm.mx,Name971,Surname971
test972@itesm.mx,Name972,Surname972
test973@itesm.mx,Name973,Surname973
test974@itesm.mx,Name974,Surname974
test975@itesm.mx,Name975,Surname975
test976@itesm.mx,Name976,Surname976
test977@itesm.mx,Name977,Surname977
test978@itesm.mx,Name978,Surname978
test979@itesm.mx,Name979,Surname979
test980@itesm.mx,Name980,Surname980
test981@itesm.mx,Name981,Surname981
test982@itesm.mx,Name982,Surname982
test983@itesm.mx,Name983,Surname983
test984@itesm.mx,Name984,Surname984
test985@itesm.mx,Name985,Surname985
test986@itesm.mx,Name986,Surname986
test987@itesm.mx,Name987,Surname987
test988@itesm.mx,Name988,Surname988
test989@itesm.mx,Name989,Surname989
test990@itesm.mx,Name990,Surname990
test991@itesm.mx,Name991,Surname991
test992@itesm.mx,Name992,Surname992
test993@itesm.mx,Name993,Surname993
test994@itesm.mx,Name994,Surname994
test995@itesm.mx,Name995,Surname995
test996@itesm.mx,Name996,Surname996
test997@itesm.mx,Name997,Surname997
test998@itesm.mx,Name998,Surname998
test999@itesm.mx,Name999,Surname999
test1000@itesm.mx,Name1000,Surname1000
